identifiant;date_heure;pluie_somme
1;2022-04-01T02:00:00.000+02:00;0.1
1;2022-04-01T04:00:00.000+02:00;0.8
1;2022-04-01T05:00:00.000+02:00;0.9999999999999999
1;2022-04-01T06:00:00.000+02:00;2.0999999999999996
1;2022-04-01T07:00:00.000+02:00;1.2000000000000002
1;2022-04-01T08:00:00.000+02:00;0.9
1;2022-04-01T19:00:00.000+02:00;0.2
1;2022-04-01T21:00:00.000+02:00;1.2000000000000002
1;2022-04-01T22:00:00.000+02:00;1.0
1;2022-04-01T23:00:00.000+02:00;0.6
1;2022-04-02T00:00:00.000+02:00;0.4
1;2022-04-02T01:00:00.000+02:00;0.6
1;2022-04-02T02:00:00.000+02:00;0.4
1;2022-04-02T03:00:00.000+02:00;0.5
1;2022-04-02T04:00:00.000+02:00;0.2
1;2022-04-02T05:00:00.000+02:00;0.2
1;2022-04-02T06:00:00.000+02:00;0.2
1;2022-04-02T07:00:00.000+02:00;0.2
1;2022-04-02T08:00:00.000+02:00;0.30000000000000004
1;2022-04-02T09:00:00.000+02:00;0.4
1;2022-04-02T10:00:00.000+02:00;0.1
1;2022-04-06T23:00:00.000+02:00;0.5
1;2022-04-07T14:00:00.000+02:00;0.7
1;2022-04-07T16:00:00.000+02:00;0.1
1;2022-04-07T17:00:00.000+02:00;0.2
1;2022-04-08T02:00:00.000+02:00;0.30000000000000004
1;2022-04-08T03:00:00.000+02:00;0.4
1;2022-04-08T04:00:00.000+02:00;0.1
1;2022-04-08T05:00:00.000+02:00;0.2
1;2022-04-08T16:00:00.000+02:00;0.1
1;2022-04-09T08:00:00.000+02:00;0.1
1;2022-04-09T09:00:00.000+02:00;0.30000000000000004
1;2022-04-09T14:00:00.000+02:00;0.2
1;2022-04-09T20:00:00.000+02:00;0.4
1;2022-04-23T17:00:00.000+02:00;3.1
1;2022-04-23T18:00:00.000+02:00;3.6
1;2022-04-23T19:00:00.000+02:00;0.8
1;2022-04-24T19:00:00.000+02:00;0.1
1;2022-04-24T20:00:00.000+02:00;0.8999999999999999
1;2022-04-24T21:00:00.000+02:00;1.9000000000000001
1;2022-04-24T22:00:00.000+02:00;1.6
1;2022-04-24T23:00:00.000+02:00;0.4
1;2022-04-25T00:00:00.000+02:00;0.7
1;2022-04-25T01:00:00.000+02:00;0.2
1;2022-04-25T02:00:00.000+02:00;0.1
1;2022-04-25T22:00:00.000+02:00;2.3
1;2022-04-25T23:00:00.000+02:00;2.3
1;2022-04-26T00:00:00.000+02:00;0.30000000000000004
1;2022-04-29T19:00:00.000+02:00;0.2
10;2022-04-01T03:00:00.000+02:00;0.1
10;2022-04-01T04:00:00.000+02:00;0.2
10;2022-04-01T05:00:00.000+02:00;0.7
10;2022-04-01T06:00:00.000+02:00;1.0999999999999999
10;2022-04-01T07:00:00.000+02:00;1.1
10;2022-04-01T08:00:00.000+02:00;0.9
10;2022-04-01T21:00:00.000+02:00;1.5999999999999999
10;2022-04-01T22:00:00.000+02:00;0.9000000000000001
10;2022-04-01T23:00:00.000+02:00;0.4
10;2022-04-02T00:00:00.000+02:00;0.6
10;2022-04-02T01:00:00.000+02:00;0.2
10;2022-04-02T02:00:00.000+02:00;0.4
10;2022-04-02T03:00:00.000+02:00;0.2
10;2022-04-02T04:00:00.000+02:00;0.30000000000000004
10;2022-04-02T05:00:00.000+02:00;0.1
10;2022-04-02T06:00:00.000+02:00;0.2
10;2022-04-02T07:00:00.000+02:00;0.1
10;2022-04-02T08:00:00.000+02:00;0.2
10;2022-04-02T09:00:00.000+02:00;0.30000000000000004
10;2022-04-02T10:00:00.000+02:00;0.2
10;2022-04-06T23:00:00.000+02:00;0.4
10;2022-04-07T00:00:00.000+02:00;0.1
10;2022-04-07T14:00:00.000+02:00;0.7
10;2022-04-07T15:00:00.000+02:00;0.5
10;2022-04-07T16:00:00.000+02:00;0.5
10;2022-04-07T17:00:00.000+02:00;0.5
10;2022-04-07T18:00:00.000+02:00;0.30000000000000004
10;2022-04-07T19:00:00.000+02:00;0.30000000000000004
10;2022-04-08T02:00:00.000+02:00;0.5
10;2022-04-08T03:00:00.000+02:00;0.30000000000000004
10;2022-04-08T04:00:00.000+02:00;0.7999999999999999
10;2022-04-08T05:00:00.000+02:00;0.30000000000000004
10;2022-04-08T06:00:00.000+02:00;0.2
10;2022-04-08T16:00:00.000+02:00;0.2
10;2022-04-09T02:00:00.000+02:00;0.4
10;2022-04-09T08:00:00.000+02:00;0.30000000000000004
10;2022-04-09T09:00:00.000+02:00;0.30000000000000004
10;2022-04-09T14:00:00.000+02:00;0.6000000000000001
10;2022-04-09T16:00:00.000+02:00;0.2
10;2022-04-10T08:00:00.000+02:00;0.1
10;2022-04-23T11:00:00.000+02:00;0.1
10;2022-04-23T15:00:00.000+02:00;0.1
10;2022-04-23T17:00:00.000+02:00;0.6000000000000001
10;2022-04-23T18:00:00.000+02:00;5.1
10;2022-04-23T19:00:00.000+02:00;1.9000000000000001
10;2022-04-23T20:00:00.000+02:00;0.1
10;2022-04-24T20:00:00.000+02:00;1.3
10;2022-04-24T21:00:00.000+02:00;1.0
10;2022-04-24T22:00:00.000+02:00;2.2
10;2022-04-24T23:00:00.000+02:00;0.7
10;2022-04-25T00:00:00.000+02:00;1.0999999999999999
10;2022-04-25T01:00:00.000+02:00;1.5
10;2022-04-25T02:00:00.000+02:00;0.4
10;2022-04-25T22:00:00.000+02:00;0.3
10;2022-04-25T23:00:00.000+02:00;1.8000000000000003
10;2022-04-26T00:00:00.000+02:00;0.4
10;2022-04-26T01:00:00.000+02:00;0.2
10;2022-04-29T20:00:00.000+02:00;0.2
11;2022-04-01T04:00:00.000+02:00;0.4
11;2022-04-01T05:00:00.000+02:00;0.6
11;2022-04-01T06:00:00.000+02:00;1.5999999999999999
11;2022-04-01T07:00:00.000+02:00;0.9
11;2022-04-01T08:00:00.000+02:00;0.6
11;2022-04-01T21:00:00.000+02:00;0.9
11;2022-04-01T22:00:00.000+02:00;0.9000000000000001
11;2022-04-01T23:00:00.000+02:00;1.3
11;2022-04-02T00:00:00.000+02:00;0.7000000000000001
11;2022-04-02T01:00:00.000+02:00;0.4
11;2022-04-02T02:00:00.000+02:00;0.1
11;2022-04-02T03:00:00.000+02:00;0.2
11;2022-04-06T23:00:00.000+02:00;0.1
11;2022-04-07T00:00:00.000+02:00;0.1
11;2022-04-07T16:00:00.000+02:00;0.1
11;2022-04-07T17:00:00.000+02:00;0.2
11;2022-04-08T04:00:00.000+02:00;0.1
11;2022-04-09T09:00:00.000+02:00;0.8
11;2022-04-09T10:00:00.000+02:00;0.1
11;2022-04-09T14:00:00.000+02:00;1.4000000000000001
11;2022-04-09T20:00:00.000+02:00;0.1
11;2022-04-21T04:00:00.000+02:00;0.1
11;2022-04-23T17:00:00.000+02:00;2.4000000000000004
11;2022-04-23T18:00:00.000+02:00;3.3000000000000003
11;2022-04-23T19:00:00.000+02:00;0.1
11;2022-04-24T20:00:00.000+02:00;1.9000000000000004
11;2022-04-24T21:00:00.000+02:00;2.1
11;2022-04-24T22:00:00.000+02:00;0.6000000000000001
11;2022-04-24T23:00:00.000+02:00;0.1
11;2022-04-25T00:00:00.000+02:00;0.8
11;2022-04-25T01:00:00.000+02:00;0.2
11;2022-04-25T22:00:00.000+02:00;0.1
11;2022-04-26T00:00:00.000+02:00;0.4
11;2022-04-26T01:00:00.000+02:00;0.30000000000000004
12;2022-04-01T04:00:00.000+02:00;0.30000000000000004
12;2022-04-01T05:00:00.000+02:00;1.3000000000000003
12;2022-04-01T06:00:00.000+02:00;1.3
12;2022-04-01T07:00:00.000+02:00;0.8999999999999999
12;2022-04-01T08:00:00.000+02:00;0.7
12;2022-04-01T09:00:00.000+02:00;0.1
12;2022-04-01T19:00:00.000+02:00;0.7
12;2022-04-01T20:00:00.000+02:00;0.3
12;2022-04-01T21:00:00.000+02:00;0.7000000000000001
12;2022-04-01T22:00:00.000+02:00;1.0
12;2022-04-01T23:00:00.000+02:00;0.2
12;2022-04-02T00:00:00.000+02:00;1.2
12;2022-04-02T01:00:00.000+02:00;0.9999999999999999
12;2022-04-02T02:00:00.000+02:00;0.1
12;2022-04-02T03:00:00.000+02:00;0.4
12;2022-04-02T07:00:00.000+02:00;0.1
12;2022-04-02T08:00:00.000+02:00;0.1
12;2022-04-02T10:00:00.000+02:00;0.1
12;2022-04-06T22:00:00.000+02:00;0.1
12;2022-04-06T23:00:00.000+02:00;0.30000000000000004
12;2022-04-07T00:00:00.000+02:00;0.1
12;2022-04-07T16:00:00.000+02:00;0.1
12;2022-04-07T17:00:00.000+02:00;0.4
12;2022-04-07T18:00:00.000+02:00;0.1
12;2022-04-08T04:00:00.000+02:00;0.2
12;2022-04-09T02:00:00.000+02:00;0.1
12;2022-04-09T08:00:00.000+02:00;0.1
12;2022-04-09T09:00:00.000+02:00;0.8
12;2022-04-09T10:00:00.000+02:00;0.1
12;2022-04-09T14:00:00.000+02:00;0.6
12;2022-04-09T20:00:00.000+02:00;0.4
12;2022-04-10T08:00:00.000+02:00;0.1
12;2022-04-21T03:00:00.000+02:00;0.1
12;2022-04-21T04:00:00.000+02:00;0.2
12;2022-04-21T05:00:00.000+02:00;0.1
12;2022-04-23T17:00:00.000+02:00;2.3000000000000003
12;2022-04-23T18:00:00.000+02:00;3.6
12;2022-04-23T19:00:00.000+02:00;0.2
12;2022-04-24T20:00:00.000+02:00;1.7000000000000002
12;2022-04-24T21:00:00.000+02:00;2.4
12;2022-04-24T22:00:00.000+02:00;0.6000000000000001
12;2022-04-24T23:00:00.000+02:00;0.2
12;2022-04-25T00:00:00.000+02:00;1.1
12;2022-04-25T01:00:00.000+02:00;0.2
12;2022-04-25T23:00:00.000+02:00;0.1
12;2022-04-26T00:00:00.000+02:00;1.3
12;2022-04-26T01:00:00.000+02:00;0.5
13;2022-04-01T03:00:00.000+02:00;0.2
13;2022-04-01T04:00:00.000+02:00;0.8999999999999999
13;2022-04-01T05:00:00.000+02:00;1.0
13;2022-04-01T06:00:00.000+02:00;1.0
13;2022-04-01T07:00:00.000+02:00;0.5
13;2022-04-01T08:00:00.000+02:00;0.5
13;2022-04-01T09:00:00.000+02:00;0.5
13;2022-04-01T10:00:00.000+02:00;1.3
13;2022-04-01T11:00:00.000+02:00;0.2
13;2022-04-01T21:00:00.000+02:00;0.4
13;2022-04-01T22:00:00.000+02:00;1.1
13;2022-04-01T23:00:00.000+02:00;0.5
13;2022-04-02T00:00:00.000+02:00;0.7
13;2022-04-02T01:00:00.000+02:00;0.7
13;2022-04-02T02:00:00.000+02:00;0.4
13;2022-04-02T03:00:00.000+02:00;0.30000000000000004
13;2022-04-02T04:00:00.000+02:00;0.5
13;2022-04-02T05:00:00.000+02:00;0.30000000000000004
13;2022-04-02T06:00:00.000+02:00;0.2
13;2022-04-02T07:00:00.000+02:00;0.5
13;2022-04-02T08:00:00.000+02:00;0.5
13;2022-04-02T09:00:00.000+02:00;0.5
13;2022-04-02T10:00:00.000+02:00;0.4
13;2022-04-02T11:00:00.000+02:00;0.1
13;2022-04-06T23:00:00.000+02:00;0.2
13;2022-04-07T17:00:00.000+02:00;0.2
13;2022-04-08T02:00:00.000+02:00;0.1
13;2022-04-08T16:00:00.000+02:00;0.1
13;2022-04-09T13:00:00.000+02:00;0.3
13;2022-04-09T14:00:00.000+02:00;0.4
13;2022-04-23T17:00:00.000+02:00;1.1
13;2022-04-23T18:00:00.000+02:00;3.2
13;2022-04-23T19:00:00.000+02:00;0.5
13;2022-04-24T19:00:00.000+02:00;0.30000000000000004
13;2022-04-24T20:00:00.000+02:00;1.5
13;2022-04-24T21:00:00.000+02:00;2.6000000000000005
13;2022-04-24T22:00:00.000+02:00;1.1
13;2022-04-24T23:00:00.000+02:00;0.4
13;2022-04-25T22:00:00.000+02:00;0.6
14;2022-04-01T03:00:00.000+02:00;0.30000000000000004
14;2022-04-01T04:00:00.000+02:00;0.30000000000000004
14;2022-04-01T05:00:00.000+02:00;1.0
14;2022-04-01T06:00:00.000+02:00;1.2
14;2022-04-01T07:00:00.000+02:00;0.6
14;2022-04-01T08:00:00.000+02:00;0.30000000000000004
14;2022-04-01T09:00:00.000+02:00;0.5
14;2022-04-01T10:00:00.000+02:00;0.2
14;2022-04-01T21:00:00.000+02:00;0.1
14;2022-04-01T22:00:00.000+02:00;1.4000000000000004
14;2022-04-01T23:00:00.000+02:00;0.4
14;2022-04-02T00:00:00.000+02:00;0.2
14;2022-04-02T01:00:00.000+02:00;0.6
14;2022-04-02T02:00:00.000+02:00;0.30000000000000004
14;2022-04-02T03:00:00.000+02:00;0.2
14;2022-04-02T04:00:00.000+02:00;0.2
14;2022-04-02T05:00:00.000+02:00;0.2
14;2022-04-02T07:00:00.000+02:00;0.30000000000000004
14;2022-04-02T08:00:00.000+02:00;0.4
14;2022-04-02T09:00:00.000+02:00;0.4
14;2022-04-02T10:00:00.000+02:00;1.2
14;2022-04-02T11:00:00.000+02:00;0.4
14;2022-04-02T12:00:00.000+02:00;0.1
14;2022-04-02T14:00:00.000+02:00;0.1
14;2022-04-02T15:00:00.000+02:00;0.1
14;2022-04-02T20:00:00.000+02:00;0.1
14;2022-04-07T17:00:00.000+02:00;0.2
14;2022-04-08T05:00:00.000+02:00;0.1
14;2022-04-21T05:00:00.000+02:00;0.1
14;2022-04-23T17:00:00.000+02:00;1.6000000000000003
14;2022-04-23T18:00:00.000+02:00;1.8
14;2022-04-24T19:00:00.000+02:00;0.2
14;2022-04-24T20:00:00.000+02:00;2.6000000000000005
14;2022-04-24T21:00:00.000+02:00;2.3000000000000003
14;2022-04-24T22:00:00.000+02:00;0.2
14;2022-04-24T23:00:00.000+02:00;0.4
14;2022-04-25T00:00:00.000+02:00;0.1
14;2022-04-25T21:00:00.000+02:00;0.2
14;2022-04-25T22:00:00.000+02:00;0.5
14;2022-04-25T23:00:00.000+02:00;1.1
14;2022-04-26T00:00:00.000+02:00;0.4
14;2022-04-26T01:00:00.000+02:00;0.1
15;2022-04-01T03:00:00.000+02:00;0.6
15;2022-04-01T04:00:00.000+02:00;0.7999999999999999
15;2022-04-01T05:00:00.000+02:00;1.3000000000000003
15;2022-04-01T06:00:00.000+02:00;1.2000000000000002
15;2022-04-01T07:00:00.000+02:00;1.0
15;2022-04-01T08:00:00.000+02:00;0.6
15;2022-04-01T09:00:00.000+02:00;0.6
15;2022-04-01T10:00:00.000+02:00;0.1
15;2022-04-01T21:00:00.000+02:00;0.2
15;2022-04-01T22:00:00.000+02:00;0.7999999999999999
15;2022-04-01T23:00:00.000+02:00;0.4
15;2022-04-02T00:00:00.000+02:00;0.8999999999999999
15;2022-04-02T01:00:00.000+02:00;0.7999999999999999
15;2022-04-02T02:00:00.000+02:00;0.2
15;2022-04-02T03:00:00.000+02:00;0.2
15;2022-04-02T04:00:00.000+02:00;0.2
15;2022-04-02T05:00:00.000+02:00;0.1
15;2022-04-02T06:00:00.000+02:00;0.1
15;2022-04-02T07:00:00.000+02:00;0.30000000000000004
15;2022-04-02T08:00:00.000+02:00;0.30000000000000004
15;2022-04-02T09:00:00.000+02:00;0.6
15;2022-04-02T10:00:00.000+02:00;0.5
15;2022-04-02T11:00:00.000+02:00;0.2
15;2022-04-02T15:00:00.000+02:00;0.1
15;2022-04-02T20:00:00.000+02:00;0.1
15;2022-04-07T17:00:00.000+02:00;0.2
15;2022-04-08T16:00:00.000+02:00;0.1
15;2022-04-11T09:00:00.000+02:00;0.1
15;2022-04-23T17:00:00.000+02:00;2.9
15;2022-04-23T18:00:00.000+02:00;2.6
15;2022-04-23T19:00:00.000+02:00;0.1
15;2022-04-24T19:00:00.000+02:00;0.4
15;2022-04-24T20:00:00.000+02:00;1.4000000000000001
15;2022-04-24T21:00:00.000+02:00;2.3
15;2022-04-24T22:00:00.000+02:00;0.7
15;2022-04-24T23:00:00.000+02:00;0.2
15;2022-04-25T21:00:00.000+02:00;0.4
15;2022-04-25T22:00:00.000+02:00;1.5
15;2022-04-25T23:00:00.000+02:00;2.5
16;2022-04-01T02:00:00.000+02:00;0.4
16;2022-04-01T03:00:00.000+02:00;2.2
16;2022-04-01T04:00:00.000+02:00;2.0999999999999996
16;2022-04-01T05:00:00.000+02:00;1.2
16;2022-04-01T06:00:00.000+02:00;1.4000000000000004
16;2022-04-01T07:00:00.000+02:00;0.8999999999999999
16;2022-04-01T09:00:00.000+02:00;0.1
16;2022-04-01T11:00:00.000+02:00;0.30000000000000004
16;2022-04-01T12:00:00.000+02:00;0.6
16;2022-04-01T13:00:00.000+02:00;0.4
16;2022-04-01T14:00:00.000+02:00;0.30000000000000004
16;2022-04-01T15:00:00.000+02:00;0.2
16;2022-04-01T16:00:00.000+02:00;1.7000000000000004
16;2022-04-01T21:00:00.000+02:00;0.6
16;2022-04-01T22:00:00.000+02:00;1.4000000000000001
16;2022-04-01T23:00:00.000+02:00;0.7999999999999999
16;2022-04-02T00:00:00.000+02:00;0.9999999999999999
16;2022-04-02T01:00:00.000+02:00;0.30000000000000004
16;2022-04-02T02:00:00.000+02:00;0.1
16;2022-04-02T03:00:00.000+02:00;0.30000000000000004
16;2022-04-02T04:00:00.000+02:00;0.6
16;2022-04-02T05:00:00.000+02:00;0.30000000000000004
16;2022-04-02T06:00:00.000+02:00;0.2
16;2022-04-02T07:00:00.000+02:00;0.6
16;2022-04-02T08:00:00.000+02:00;0.6
16;2022-04-02T09:00:00.000+02:00;0.5
16;2022-04-02T10:00:00.000+02:00;0.30000000000000004
16;2022-04-02T12:00:00.000+02:00;0.2
16;2022-04-06T23:00:00.000+02:00;0.2
16;2022-04-07T14:00:00.000+02:00;0.1
16;2022-04-07T16:00:00.000+02:00;0.2
16;2022-04-07T17:00:00.000+02:00;0.5
16;2022-04-08T03:00:00.000+02:00;0.2
16;2022-04-08T05:00:00.000+02:00;0.4
16;2022-04-08T06:00:00.000+02:00;0.5
16;2022-04-08T16:00:00.000+02:00;0.4
16;2022-04-09T08:00:00.000+02:00;0.30000000000000004
16;2022-04-23T17:00:00.000+02:00;0.2
16;2022-04-23T18:00:00.000+02:00;3.4
16;2022-04-23T19:00:00.000+02:00;0.8
16;2022-04-24T19:00:00.000+02:00;1.2000000000000002
16;2022-04-24T20:00:00.000+02:00;1.4
16;2022-04-24T21:00:00.000+02:00;2.6999999999999997
16;2022-04-24T22:00:00.000+02:00;1.7000000000000002
16;2022-04-24T23:00:00.000+02:00;0.30000000000000004
16;2022-04-25T00:00:00.000+02:00;0.1
16;2022-04-25T01:00:00.000+02:00;0.1
16;2022-04-25T22:00:00.000+02:00;0.2
17;2022-04-01T03:00:00.000+02:00;1.4000000000000001
17;2022-04-01T04:00:00.000+02:00;1.5000000000000002
17;2022-04-01T05:00:00.000+02:00;0.7999999999999999
17;2022-04-01T06:00:00.000+02:00;1.0999999999999999
17;2022-04-01T07:00:00.000+02:00;0.8
17;2022-04-01T08:00:00.000+02:00;0.2
17;2022-04-01T12:00:00.000+02:00;0.1
17;2022-04-01T13:00:00.000+02:00;0.4
17;2022-04-01T14:00:00.000+02:00;0.1
17;2022-04-01T15:00:00.000+02:00;1.4000000000000004
17;2022-04-01T16:00:00.000+02:00;2.2
17;2022-04-01T21:00:00.000+02:00;0.8999999999999999
17;2022-04-01T22:00:00.000+02:00;1.0
17;2022-04-01T23:00:00.000+02:00;0.6
17;2022-04-02T00:00:00.000+02:00;0.7999999999999999
17;2022-04-02T01:00:00.000+02:00;0.1
17;2022-04-02T02:00:00.000+02:00;0.1
17;2022-04-02T03:00:00.000+02:00;0.30000000000000004
17;2022-04-02T04:00:00.000+02:00;0.5
17;2022-04-02T05:00:00.000+02:00;0.2
17;2022-04-02T06:00:00.000+02:00;0.2
17;2022-04-02T07:00:00.000+02:00;0.4
17;2022-04-02T08:00:00.000+02:00;0.30000000000000004
17;2022-04-02T09:00:00.000+02:00;0.4
17;2022-04-02T10:00:00.000+02:00;0.2
17;2022-04-02T12:00:00.000+02:00;0.30000000000000004
17;2022-04-02T23:00:00.000+02:00;0.1
17;2022-04-06T23:00:00.000+02:00;0.2
17;2022-04-07T14:00:00.000+02:00;0.2
17;2022-04-07T15:00:00.000+02:00;0.2
17;2022-04-07T16:00:00.000+02:00;0.6
17;2022-04-07T17:00:00.000+02:00;0.8
17;2022-04-08T02:00:00.000+02:00;0.1
17;2022-04-08T03:00:00.000+02:00;0.1
17;2022-04-08T04:00:00.000+02:00;0.1
17;2022-04-08T05:00:00.000+02:00;0.8999999999999999
17;2022-04-08T06:00:00.000+02:00;0.6
17;2022-04-08T07:00:00.000+02:00;0.1
17;2022-04-08T16:00:00.000+02:00;0.4
17;2022-04-09T05:00:00.000+02:00;0.2
17;2022-04-09T08:00:00.000+02:00;0.2
17;2022-04-09T19:00:00.000+02:00;0.7
17;2022-04-23T15:00:00.000+02:00;0.1
17;2022-04-23T17:00:00.000+02:00;0.4
17;2022-04-23T18:00:00.000+02:00;4.8
17;2022-04-23T19:00:00.000+02:00;1.0
17;2022-04-24T19:00:00.000+02:00;1.3
17;2022-04-24T20:00:00.000+02:00;1.9000000000000001
17;2022-04-24T21:00:00.000+02:00;2.4
17;2022-04-24T22:00:00.000+02:00;2.6
17;2022-04-24T23:00:00.000+02:00;0.7000000000000001
17;2022-04-25T00:00:00.000+02:00;0.1
17;2022-04-25T01:00:00.000+02:00;0.30000000000000004
17;2022-04-25T02:00:00.000+02:00;0.1
17;2022-04-25T19:00:00.000+02:00;0.4
17;2022-04-25T20:00:00.000+02:00;0.30000000000000004
18;2022-04-01T00:00:00.000+02:00;0.1
18;2022-04-01T02:00:00.000+02:00;0.1
18;2022-04-01T03:00:00.000+02:00;2.6
18;2022-04-01T04:00:00.000+02:00;0.8
18;2022-04-01T05:00:00.000+02:00;1.0
18;2022-04-01T06:00:00.000+02:00;1.0
18;2022-04-01T07:00:00.000+02:00;0.30000000000000004
18;2022-04-01T09:00:00.000+02:00;0.1
18;2022-04-01T10:00:00.000+02:00;3.5000000000000004
18;2022-04-01T15:00:00.000+02:00;0.1
18;2022-04-01T21:00:00.000+02:00;0.2
18;2022-04-01T22:00:00.000+02:00;0.7
18;2022-04-01T23:00:00.000+02:00;0.5
18;2022-04-02T00:00:00.000+02:00;0.30000000000000004
18;2022-04-02T03:00:00.000+02:00;0.1
18;2022-04-02T04:00:00.000+02:00;0.2
18;2022-04-02T05:00:00.000+02:00;0.30000000000000004
18;2022-04-02T06:00:00.000+02:00;0.1
18;2022-04-02T07:00:00.000+02:00;0.1
18;2022-04-02T08:00:00.000+02:00;0.30000000000000004
18;2022-04-02T09:00:00.000+02:00;0.2
18;2022-04-02T10:00:00.000+02:00;0.7000000000000001
18;2022-04-02T11:00:00.000+02:00;0.8999999999999999
18;2022-04-06T23:00:00.000+02:00;0.4
18;2022-04-07T16:00:00.000+02:00;0.2
18;2022-04-07T17:00:00.000+02:00;0.4
18;2022-04-08T05:00:00.000+02:00;0.1
18;2022-04-08T06:00:00.000+02:00;0.1
18;2022-04-08T16:00:00.000+02:00;0.5
18;2022-04-09T07:00:00.000+02:00;0.1
18;2022-04-09T08:00:00.000+02:00;0.1
18;2022-04-09T13:00:00.000+02:00;0.30000000000000004
18;2022-04-23T17:00:00.000+02:00;1.4000000000000001
18;2022-04-23T18:00:00.000+02:00;2.4
18;2022-04-23T19:00:00.000+02:00;0.2
18;2022-04-24T19:00:00.000+02:00;1.0999999999999999
18;2022-04-24T20:00:00.000+02:00;1.6
18;2022-04-24T21:00:00.000+02:00;3.2
18;2022-04-24T22:00:00.000+02:00;1.3
18;2022-04-25T00:00:00.000+02:00;0.2
18;2022-04-25T22:00:00.000+02:00;0.2
18;2022-04-25T23:00:00.000+02:00;0.1
19;2022-04-01T03:00:00.000+02:00;0.9999999999999999
19;2022-04-01T04:00:00.000+02:00;2.6
19;2022-04-01T05:00:00.000+02:00;2.1999999999999997
19;2022-04-01T06:00:00.000+02:00;1.6999999999999997
19;2022-04-01T07:00:00.000+02:00;1.5999999999999999
19;2022-04-01T08:00:00.000+02:00;1.0999999999999999
19;2022-04-01T21:00:00.000+02:00;2.1
19;2022-04-01T22:00:00.000+02:00;1.5
19;2022-04-01T23:00:00.000+02:00;0.6
19;2022-04-02T00:00:00.000+02:00;0.7
19;2022-04-02T01:00:00.000+02:00;0.5
19;2022-04-02T02:00:00.000+02:00;0.1
19;2022-04-02T03:00:00.000+02:00;0.30000000000000004
19;2022-04-02T04:00:00.000+02:00;0.4
19;2022-04-02T05:00:00.000+02:00;0.2
19;2022-04-02T06:00:00.000+02:00;0.2
19;2022-04-02T07:00:00.000+02:00;0.2
19;2022-04-02T08:00:00.000+02:00;0.4
19;2022-04-02T09:00:00.000+02:00;0.2
19;2022-04-02T10:00:00.000+02:00;0.2
19;2022-04-02T11:00:00.000+02:00;0.1
19;2022-04-06T23:00:00.000+02:00;0.1
19;2022-04-07T14:00:00.000+02:00;0.2
19;2022-04-07T15:00:00.000+02:00;0.2
19;2022-04-07T16:00:00.000+02:00;0.30000000000000004
19;2022-04-07T17:00:00.000+02:00;0.5
19;2022-04-08T02:00:00.000+02:00;0.2
19;2022-04-08T03:00:00.000+02:00;0.30000000000000004
19;2022-04-08T04:00:00.000+02:00;0.2
19;2022-04-08T05:00:00.000+02:00;0.5
19;2022-04-08T06:00:00.000+02:00;0.5
19;2022-04-08T07:00:00.000+02:00;0.1
19;2022-04-08T16:00:00.000+02:00;0.1
19;2022-04-09T06:00:00.000+02:00;0.1
19;2022-04-09T08:00:00.000+02:00;0.1
19;2022-04-09T09:00:00.000+02:00;0.30000000000000004
19;2022-04-09T13:00:00.000+02:00;0.3
19;2022-04-09T14:00:00.000+02:00;0.6
19;2022-04-09T19:00:00.000+02:00;0.8999999999999999
19;2022-04-23T15:00:00.000+02:00;0.1
19;2022-04-23T17:00:00.000+02:00;1.4000000000000004
19;2022-04-23T18:00:00.000+02:00;4.2
19;2022-04-23T19:00:00.000+02:00;1.2999999999999998
19;2022-04-24T19:00:00.000+02:00;0.1
19;2022-04-24T20:00:00.000+02:00;2.4999999999999996
19;2022-04-24T21:00:00.000+02:00;2.6999999999999997
19;2022-04-24T22:00:00.000+02:00;2.5
19;2022-04-24T23:00:00.000+02:00;0.8
19;2022-04-25T00:00:00.000+02:00;0.5
19;2022-04-25T01:00:00.000+02:00;0.8
19;2022-04-25T21:00:00.000+02:00;0.5
19;2022-04-25T22:00:00.000+02:00;0.1
2;2022-04-01T04:00:00.000+02:00;0.3
2;2022-04-01T05:00:00.000+02:00;2.0
2;2022-04-01T06:00:00.000+02:00;1.8
2;2022-04-01T07:00:00.000+02:00;1.5
2;2022-04-01T08:00:00.000+02:00;0.6
2;2022-04-01T21:00:00.000+02:00;1.7000000000000002
2;2022-04-01T22:00:00.000+02:00;1.0
2;2022-04-01T23:00:00.000+02:00;0.5
2;2022-04-02T00:00:00.000+02:00;0.4
2;2022-04-02T01:00:00.000+02:00;0.5
2;2022-04-02T02:00:00.000+02:00;0.4
2;2022-04-02T03:00:00.000+02:00;0.30000000000000004
2;2022-04-02T04:00:00.000+02:00;0.1
2;2022-04-02T05:00:00.000+02:00;0.1
2;2022-04-02T06:00:00.000+02:00;0.2
2;2022-04-02T07:00:00.000+02:00;0.1
2;2022-04-02T08:00:00.000+02:00;0.30000000000000004
2;2022-04-02T09:00:00.000+02:00;0.2
2;2022-04-02T10:00:00.000+02:00;0.2
2;2022-04-06T22:00:00.000+02:00;0.2
2;2022-04-06T23:00:00.000+02:00;0.6
2;2022-04-07T14:00:00.000+02:00;0.7999999999999999
2;2022-04-07T15:00:00.000+02:00;0.4
2;2022-04-07T16:00:00.000+02:00;1.4
2;2022-04-07T17:00:00.000+02:00;1.0999999999999999
2;2022-04-07T18:00:00.000+02:00;0.1
2;2022-04-08T02:00:00.000+02:00;0.5
2;2022-04-08T03:00:00.000+02:00;0.30000000000000004
2;2022-04-08T04:00:00.000+02:00;0.4
2;2022-04-08T05:00:00.000+02:00;0.7999999999999999
2;2022-04-08T06:00:00.000+02:00;0.6
2;2022-04-08T07:00:00.000+02:00;0.2
2;2022-04-08T16:00:00.000+02:00;0.5
2;2022-04-09T02:00:00.000+02:00;0.5
2;2022-04-09T08:00:00.000+02:00;0.1
2;2022-04-09T14:00:00.000+02:00;0.30000000000000004
2;2022-04-09T15:00:00.000+02:00;0.4
2;2022-04-09T16:00:00.000+02:00;2.1
2;2022-04-23T11:00:00.000+02:00;0.1
2;2022-04-23T17:00:00.000+02:00;0.4
2;2022-04-23T18:00:00.000+02:00;6.800000000000001
2;2022-04-23T19:00:00.000+02:00;2.3000000000000003
2;2022-04-23T20:00:00.000+02:00;0.1
2;2022-04-24T20:00:00.000+02:00;2.1
2;2022-04-24T21:00:00.000+02:00;1.0999999999999999
2;2022-04-24T22:00:00.000+02:00;3.0999999999999996
2;2022-04-24T23:00:00.000+02:00;0.7999999999999999
2;2022-04-25T00:00:00.000+02:00;0.7
2;2022-04-25T01:00:00.000+02:00;1.3000000000000003
2;2022-04-25T02:00:00.000+02:00;0.7
2;2022-04-25T03:00:00.000+02:00;0.1
2;2022-04-25T21:00:00.000+02:00;0.2
2;2022-04-25T22:00:00.000+02:00;1.4
2;2022-04-25T23:00:00.000+02:00;1.2
2;2022-04-26T00:00:00.000+02:00;0.4
2;2022-04-29T20:00:00.000+02:00;0.30000000000000004
21;2022-04-01T03:00:00.000+02:00;0.1
21;2022-04-01T04:00:00.000+02:00;0.4
21;2022-04-01T05:00:00.000+02:00;1.4
21;2022-04-01T06:00:00.000+02:00;1.6
21;2022-04-01T07:00:00.000+02:00;1.0999999999999999
21;2022-04-01T08:00:00.000+02:00;0.30000000000000004
21;2022-04-01T21:00:00.000+02:00;0.1
21;2022-04-01T22:00:00.000+02:00;1.8
21;2022-04-01T23:00:00.000+02:00;0.5
21;2022-04-02T00:00:00.000+02:00;0.4
21;2022-04-02T01:00:00.000+02:00;0.5
21;2022-04-02T02:00:00.000+02:00;0.2
21;2022-04-02T03:00:00.000+02:00;0.1
21;2022-04-02T04:00:00.000+02:00;0.1
21;2022-04-02T05:00:00.000+02:00;0.2
21;2022-04-02T07:00:00.000+02:00;0.30000000000000004
21;2022-04-02T08:00:00.000+02:00;0.30000000000000004
21;2022-04-02T09:00:00.000+02:00;0.30000000000000004
21;2022-04-02T10:00:00.000+02:00;0.2
21;2022-04-02T11:00:00.000+02:00;0.2
21;2022-04-07T17:00:00.000+02:00;0.30000000000000004
21;2022-04-08T04:00:00.000+02:00;0.1
21;2022-04-21T04:00:00.000+02:00;0.1
21;2022-04-21T05:00:00.000+02:00;0.1
21;2022-04-21T06:00:00.000+02:00;0.1
21;2022-04-23T17:00:00.000+02:00;1.6
21;2022-04-23T18:00:00.000+02:00;1.9000000000000001
21;2022-04-23T19:00:00.000+02:00;0.1
21;2022-04-23T20:00:00.000+02:00;0.1
21;2022-04-24T19:00:00.000+02:00;0.1
21;2022-04-24T20:00:00.000+02:00;1.7000000000000002
21;2022-04-24T21:00:00.000+02:00;2.3
21;2022-04-24T22:00:00.000+02:00;0.2
21;2022-04-24T23:00:00.000+02:00;0.2
21;2022-04-25T00:00:00.000+02:00;0.2
21;2022-04-26T00:00:00.000+02:00;0.8
21;2022-04-26T01:00:00.000+02:00;0.4
23;2022-04-01T03:00:00.000+02:00;0.1
23;2022-04-01T04:00:00.000+02:00;1.3000000000000003
23;2022-04-01T05:00:00.000+02:00;1.8
23;2022-04-01T06:00:00.000+02:00;3.0000000000000004
23;2022-04-01T07:00:00.000+02:00;2.2
23;2022-04-01T08:00:00.000+02:00;0.6000000000000001
23;2022-04-01T21:00:00.000+02:00;1.5
23;2022-04-01T22:00:00.000+02:00;0.8999999999999999
23;2022-04-01T23:00:00.000+02:00;0.7
23;2022-04-02T00:00:00.000+02:00;0.9
23;2022-04-02T01:00:00.000+02:00;0.2
23;2022-04-02T03:00:00.000+02:00;0.2
23;2022-04-02T04:00:00.000+02:00;0.30000000000000004
23;2022-04-02T05:00:00.000+02:00;0.2
23;2022-04-02T06:00:00.000+02:00;0.2
23;2022-04-02T07:00:00.000+02:00;0.30000000000000004
23;2022-04-02T08:00:00.000+02:00;0.6
23;2022-04-02T09:00:00.000+02:00;0.6
23;2022-04-02T10:00:00.000+02:00;0.2
23;2022-04-06T23:00:00.000+02:00;0.4
23;2022-04-07T13:00:00.000+02:00;0.1
23;2022-04-07T14:00:00.000+02:00;0.4
23;2022-04-07T15:00:00.000+02:00;0.30000000000000004
23;2022-04-07T16:00:00.000+02:00;0.7
23;2022-04-07T17:00:00.000+02:00;0.6000000000000001
23;2022-04-07T19:00:00.000+02:00;0.1
23;2022-04-08T02:00:00.000+02:00;0.1
23;2022-04-08T04:00:00.000+02:00;0.1
23;2022-04-08T05:00:00.000+02:00;0.7
23;2022-04-08T06:00:00.000+02:00;0.30000000000000004
23;2022-04-08T16:00:00.000+02:00;0.30000000000000004
23;2022-04-09T05:00:00.000+02:00;0.1
23;2022-04-09T08:00:00.000+02:00;0.1
23;2022-04-09T13:00:00.000+02:00;0.3
23;2022-04-09T19:00:00.000+02:00;0.6
23;2022-04-23T13:00:00.000+02:00;0.1
23;2022-04-23T15:00:00.000+02:00;0.1
23;2022-04-23T17:00:00.000+02:00;0.1
23;2022-04-23T18:00:00.000+02:00;3.7
23;2022-04-23T19:00:00.000+02:00;2.0000000000000004
23;2022-04-24T19:00:00.000+02:00;1.1
23;2022-04-24T20:00:00.000+02:00;1.8
23;2022-04-24T21:00:00.000+02:00;2.7
23;2022-04-24T22:00:00.000+02:00;2.6
23;2022-04-24T23:00:00.000+02:00;1.2999999999999998
23;2022-04-25T01:00:00.000+02:00;0.2
23;2022-04-25T02:00:00.000+02:00;0.4
23;2022-04-25T13:00:00.000+02:00;0.1
23;2022-04-25T19:00:00.000+02:00;7.4
23;2022-04-25T20:00:00.000+02:00;0.8
23;2022-04-25T22:00:00.000+02:00;0.30000000000000004
24;2022-04-01T03:00:00.000+02:00;1.2
24;2022-04-01T04:00:00.000+02:00;1.2
24;2022-04-01T05:00:00.000+02:00;0.8999999999999999
24;2022-04-01T06:00:00.000+02:00;1.1
24;2022-04-01T07:00:00.000+02:00;0.8999999999999999
24;2022-04-01T08:00:00.000+02:00;0.2
24;2022-04-01T09:00:00.000+02:00;0.4
24;2022-04-01T10:00:00.000+02:00;0.9999999999999999
24;2022-04-01T21:00:00.000+02:00;0.2
24;2022-04-01T22:00:00.000+02:00;1.2
24;2022-04-01T23:00:00.000+02:00;0.4
24;2022-04-02T00:00:00.000+02:00;0.7
24;2022-04-02T01:00:00.000+02:00;0.7
24;2022-04-02T02:00:00.000+02:00;0.30000000000000004
24;2022-04-02T03:00:00.000+02:00;0.30000000000000004
24;2022-04-02T04:00:00.000+02:00;0.30000000000000004
24;2022-04-02T05:00:00.000+02:00;0.30000000000000004
24;2022-04-02T06:00:00.000+02:00;0.1
24;2022-04-02T07:00:00.000+02:00;0.4
24;2022-04-02T08:00:00.000+02:00;0.4
24;2022-04-02T09:00:00.000+02:00;0.4
24;2022-04-02T10:00:00.000+02:00;0.9
24;2022-04-02T11:00:00.000+02:00;0.2
24;2022-04-02T16:00:00.000+02:00;0.1
24;2022-04-06T23:00:00.000+02:00;0.2
24;2022-04-07T17:00:00.000+02:00;0.4
24;2022-04-08T05:00:00.000+02:00;0.1
24;2022-04-09T13:00:00.000+02:00;1.0
24;2022-04-09T14:00:00.000+02:00;0.2
24;2022-04-23T17:00:00.000+02:00;1.1
24;2022-04-23T18:00:00.000+02:00;2.9
24;2022-04-23T19:00:00.000+02:00;0.30000000000000004
24;2022-04-24T19:00:00.000+02:00;0.2
24;2022-04-24T20:00:00.000+02:00;0.7000000000000001
24;2022-04-24T21:00:00.000+02:00;1.9000000000000001
24;2022-04-24T22:00:00.000+02:00;0.9000000000000001
24;2022-04-25T00:00:00.000+02:00;0.1
24;2022-04-25T22:00:00.000+02:00;0.1
24;2022-04-25T23:00:00.000+02:00;0.1
25;2022-04-01T02:00:00.000+02:00;0.2
25;2022-04-01T03:00:00.000+02:00;0.2
25;2022-04-01T04:00:00.000+02:00;0.6
25;2022-04-01T05:00:00.000+02:00;0.7999999999999999
25;2022-04-01T06:00:00.000+02:00;1.5000000000000002
25;2022-04-01T07:00:00.000+02:00;1.2
25;2022-04-01T08:00:00.000+02:00;0.6
25;2022-04-01T19:00:00.000+02:00;0.5
25;2022-04-01T21:00:00.000+02:00;0.8999999999999999
25;2022-04-01T22:00:00.000+02:00;0.9
25;2022-04-01T23:00:00.000+02:00;0.8
25;2022-04-02T00:00:00.000+02:00;0.30000000000000004
25;2022-04-02T01:00:00.000+02:00;0.5
25;2022-04-02T02:00:00.000+02:00;0.30000000000000004
25;2022-04-02T03:00:00.000+02:00;0.4
25;2022-04-02T05:00:00.000+02:00;0.1
25;2022-04-02T06:00:00.000+02:00;0.1
25;2022-04-02T08:00:00.000+02:00;0.2
25;2022-04-02T09:00:00.000+02:00;0.1
25;2022-04-02T10:00:00.000+02:00;0.1
25;2022-04-06T23:00:00.000+02:00;0.2
25;2022-04-07T14:00:00.000+02:00;0.4
25;2022-04-07T16:00:00.000+02:00;0.1
25;2022-04-07T17:00:00.000+02:00;0.2
25;2022-04-08T02:00:00.000+02:00;0.30000000000000004
25;2022-04-08T03:00:00.000+02:00;0.2
25;2022-04-08T04:00:00.000+02:00;0.1
25;2022-04-08T05:00:00.000+02:00;0.1
25;2022-04-09T08:00:00.000+02:00;0.2
25;2022-04-09T09:00:00.000+02:00;0.4
25;2022-04-09T14:00:00.000+02:00;0.1
25;2022-04-09T20:00:00.000+02:00;0.2
25;2022-04-23T17:00:00.000+02:00;2.2
25;2022-04-23T18:00:00.000+02:00;3.4000000000000004
25;2022-04-23T19:00:00.000+02:00;0.5
25;2022-04-23T20:00:00.000+02:00;0.1
25;2022-04-24T19:00:00.000+02:00;0.1
25;2022-04-24T20:00:00.000+02:00;0.8
25;2022-04-24T21:00:00.000+02:00;1.4000000000000001
25;2022-04-24T22:00:00.000+02:00;1.2
25;2022-04-24T23:00:00.000+02:00;0.30000000000000004
25;2022-04-25T00:00:00.000+02:00;1.2
25;2022-04-25T01:00:00.000+02:00;0.2
25;2022-04-25T23:00:00.000+02:00;1.8
25;2022-04-26T00:00:00.000+02:00;0.4
25;2022-04-26T01:00:00.000+02:00;0.2
26;2022-04-01T04:00:00.000+02:00;1.4000000000000001
26;2022-04-01T05:00:00.000+02:00;1.5
26;2022-04-01T06:00:00.000+02:00;1.0000000000000002
26;2022-04-01T07:00:00.000+02:00;1.0
26;2022-04-01T08:00:00.000+02:00;0.5
26;2022-04-01T09:00:00.000+02:00;0.1
26;2022-04-01T10:00:00.000+02:00;0.7000000000000001
26;2022-04-01T11:00:00.000+02:00;0.7999999999999999
26;2022-04-01T12:00:00.000+02:00;0.9000000000000001
26;2022-04-01T21:00:00.000+02:00;1.2000000000000002
26;2022-04-01T22:00:00.000+02:00;0.8
26;2022-04-01T23:00:00.000+02:00;0.5
26;2022-04-02T00:00:00.000+02:00;0.7
26;2022-04-02T01:00:00.000+02:00;0.30000000000000004
26;2022-04-02T02:00:00.000+02:00;0.4
26;2022-04-02T03:00:00.000+02:00;0.5
26;2022-04-02T04:00:00.000+02:00;0.5
26;2022-04-02T05:00:00.000+02:00;0.4
26;2022-04-02T06:00:00.000+02:00;0.30000000000000004
26;2022-04-02T07:00:00.000+02:00;0.5
26;2022-04-02T08:00:00.000+02:00;0.2
26;2022-04-02T09:00:00.000+02:00;0.2
26;2022-04-02T10:00:00.000+02:00;1.6000000000000003
26;2022-04-02T11:00:00.000+02:00;1.0
26;2022-04-02T15:00:00.000+02:00;0.1
26;2022-04-02T19:00:00.000+02:00;0.1
26;2022-04-05T10:00:00.000+02:00;0.1
26;2022-04-06T23:00:00.000+02:00;0.9
26;2022-04-07T13:00:00.000+02:00;0.1
26;2022-04-07T14:00:00.000+02:00;0.4
26;2022-04-07T15:00:00.000+02:00;0.6000000000000001
26;2022-04-07T16:00:00.000+02:00;1.5999999999999999
26;2022-04-07T17:00:00.000+02:00;0.7
26;2022-04-08T02:00:00.000+02:00;0.2
26;2022-04-08T03:00:00.000+02:00;0.2
26;2022-04-08T04:00:00.000+02:00;0.1
26;2022-04-08T05:00:00.000+02:00;0.7
26;2022-04-08T06:00:00.000+02:00;0.30000000000000004
26;2022-04-08T07:00:00.000+02:00;0.1
26;2022-04-08T16:00:00.000+02:00;0.4
26;2022-04-09T08:00:00.000+02:00;0.5
26;2022-04-09T09:00:00.000+02:00;0.2
26;2022-04-09T13:00:00.000+02:00;0.4
26;2022-04-09T14:00:00.000+02:00;0.1
26;2022-04-23T09:00:00.000+02:00;0.1
26;2022-04-23T10:00:00.000+02:00;0.1
26;2022-04-23T13:00:00.000+02:00;0.1
26;2022-04-23T15:00:00.000+02:00;0.30000000000000004
26;2022-04-23T18:00:00.000+02:00;4.5
26;2022-04-23T19:00:00.000+02:00;2.0
26;2022-04-23T20:00:00.000+02:00;0.5
26;2022-04-24T20:00:00.000+02:00;2.3
26;2022-04-24T21:00:00.000+02:00;2.2
26;2022-04-24T22:00:00.000+02:00;2.7000000000000006
26;2022-04-24T23:00:00.000+02:00;1.1
26;2022-04-25T00:00:00.000+02:00;0.1
26;2022-04-25T01:00:00.000+02:00;0.3
26;2022-04-25T02:00:00.000+02:00;0.30000000000000004
26;2022-04-25T19:00:00.000+02:00;1.1
26;2022-04-25T20:00:00.000+02:00;1.7000000000000002
27;2022-04-01T03:00:00.000+02:00;1.4000000000000001
27;2022-04-01T04:00:00.000+02:00;1.9999999999999998
27;2022-04-01T05:00:00.000+02:00;1.3
27;2022-04-01T06:00:00.000+02:00;1.6
27;2022-04-01T07:00:00.000+02:00;1.0999999999999999
27;2022-04-01T08:00:00.000+02:00;0.1
27;2022-04-01T09:00:00.000+02:00;0.4
27;2022-04-01T10:00:00.000+02:00;1.0999999999999999
27;2022-04-01T11:00:00.000+02:00;1.2000000000000002
27;2022-04-01T21:00:00.000+02:00;0.4
27;2022-04-01T22:00:00.000+02:00;1.4000000000000001
27;2022-04-01T23:00:00.000+02:00;0.5
27;2022-04-02T00:00:00.000+02:00;0.7
27;2022-04-02T01:00:00.000+02:00;0.6
27;2022-04-02T02:00:00.000+02:00;0.2
27;2022-04-02T03:00:00.000+02:00;0.4
27;2022-04-02T04:00:00.000+02:00;0.6
27;2022-04-02T05:00:00.000+02:00;0.2
27;2022-04-02T06:00:00.000+02:00;0.30000000000000004
27;2022-04-02T07:00:00.000+02:00;0.5
27;2022-04-02T08:00:00.000+02:00;0.6
27;2022-04-02T09:00:00.000+02:00;0.4
27;2022-04-02T10:00:00.000+02:00;0.5
27;2022-04-02T11:00:00.000+02:00;0.6
27;2022-04-02T12:00:00.000+02:00;0.9999999999999999
27;2022-04-03T00:00:00.000+02:00;0.1
27;2022-04-06T23:00:00.000+02:00;0.4
27;2022-04-07T14:00:00.000+02:00;0.1
27;2022-04-07T17:00:00.000+02:00;0.4
27;2022-04-08T03:00:00.000+02:00;0.1
27;2022-04-08T05:00:00.000+02:00;0.1
27;2022-04-08T06:00:00.000+02:00;0.1
27;2022-04-08T10:00:00.000+02:00;0.1
27;2022-04-09T06:00:00.000+02:00;0.1
27;2022-04-09T08:00:00.000+02:00;0.2
27;2022-04-09T13:00:00.000+02:00;1.4000000000000001
27;2022-04-23T12:00:00.000+02:00;0.1
27;2022-04-23T17:00:00.000+02:00;0.6
27;2022-04-23T18:00:00.000+02:00;2.9
27;2022-04-23T19:00:00.000+02:00;0.7
27;2022-04-24T19:00:00.000+02:00;0.6
27;2022-04-24T20:00:00.000+02:00;2.4
27;2022-04-24T21:00:00.000+02:00;2.9
27;2022-04-24T22:00:00.000+02:00;1.5000000000000002
27;2022-04-24T23:00:00.000+02:00;0.2
27;2022-04-25T00:00:00.000+02:00;0.1
27;2022-04-25T21:00:00.000+02:00;0.1
27;2022-04-25T22:00:00.000+02:00;0.30000000000000004
27;2022-04-25T23:00:00.000+02:00;0.1
27;2022-04-29T19:00:00.000+02:00;0.4
28;2022-04-01T03:00:00.000+02:00;1.3
28;2022-04-01T04:00:00.000+02:00;2.3000000000000003
28;2022-04-01T05:00:00.000+02:00;1.2
28;2022-04-01T06:00:00.000+02:00;0.8999999999999999
28;2022-04-01T07:00:00.000+02:00;0.4
28;2022-04-01T08:00:00.000+02:00;0.30000000000000004
28;2022-04-01T09:00:00.000+02:00;0.5
28;2022-04-01T10:00:00.000+02:00;1.3
28;2022-04-01T21:00:00.000+02:00;0.7
28;2022-04-01T22:00:00.000+02:00;0.30000000000000004
28;2022-04-01T23:00:00.000+02:00;0.4
28;2022-04-02T00:00:00.000+02:00;0.6
28;2022-04-02T01:00:00.000+02:00;0.6
28;2022-04-02T02:00:00.000+02:00;0.4
28;2022-04-02T03:00:00.000+02:00;0.30000000000000004
28;2022-04-02T04:00:00.000+02:00;0.1
28;2022-04-02T05:00:00.000+02:00;0.1
28;2022-04-02T06:00:00.000+02:00;0.1
28;2022-04-02T07:00:00.000+02:00;0.2
28;2022-04-02T09:00:00.000+02:00;0.7
28;2022-04-02T10:00:00.000+02:00;0.6
28;2022-04-05T06:00:00.000+02:00;0.1
28;2022-04-06T23:00:00.000+02:00;0.2
28;2022-04-07T13:00:00.000+02:00;0.1
28;2022-04-07T14:00:00.000+02:00;1.0
28;2022-04-07T15:00:00.000+02:00;0.8999999999999999
28;2022-04-07T16:00:00.000+02:00;1.3
28;2022-04-07T17:00:00.000+02:00;0.8999999999999999
28;2022-04-08T02:00:00.000+02:00;0.2
28;2022-04-08T03:00:00.000+02:00;0.2
28;2022-04-08T04:00:00.000+02:00;0.30000000000000004
28;2022-04-08T05:00:00.000+02:00;1.0
28;2022-04-08T06:00:00.000+02:00;0.5
28;2022-04-08T08:00:00.000+02:00;0.1
28;2022-04-08T16:00:00.000+02:00;0.2
28;2022-04-08T19:00:00.000+02:00;0.1
28;2022-04-09T08:00:00.000+02:00;0.30000000000000004
28;2022-04-09T09:00:00.000+02:00;0.4
28;2022-04-09T13:00:00.000+02:00;0.1
28;2022-04-09T14:00:00.000+02:00;0.5
28;2022-04-09T19:00:00.000+02:00;0.2
28;2022-04-09T20:00:00.000+02:00;0.2
28;2022-04-10T08:00:00.000+02:00;0.1
28;2022-04-23T15:00:00.000+02:00;0.2
28;2022-04-23T17:00:00.000+02:00;0.2
28;2022-04-23T18:00:00.000+02:00;6.4
28;2022-04-23T19:00:00.000+02:00;1.7
28;2022-04-23T20:00:00.000+02:00;0.1
28;2022-04-24T20:00:00.000+02:00;1.4000000000000001
28;2022-04-24T21:00:00.000+02:00;2.1
28;2022-04-24T22:00:00.000+02:00;2.1999999999999997
28;2022-04-24T23:00:00.000+02:00;1.3
28;2022-04-25T00:00:00.000+02:00;0.2
28;2022-04-25T01:00:00.000+02:00;1.0
28;2022-04-25T02:00:00.000+02:00;0.4
28;2022-04-25T03:00:00.000+02:00;0.1
28;2022-04-25T20:00:00.000+02:00;1.2000000000000002
28;2022-04-25T22:00:00.000+02:00;0.1
29;2022-04-01T03:00:00.000+02:00;0.5
29;2022-04-01T04:00:00.000+02:00;1.5999999999999999
29;2022-04-01T05:00:00.000+02:00;0.9999999999999999
29;2022-04-01T06:00:00.000+02:00;1.0999999999999999
29;2022-04-01T07:00:00.000+02:00;0.30000000000000004
29;2022-04-01T08:00:00.000+02:00;0.4
29;2022-04-01T09:00:00.000+02:00;0.4
29;2022-04-01T10:00:00.000+02:00;0.8999999999999999
29;2022-04-01T11:00:00.000+02:00;0.30000000000000004
29;2022-04-01T19:00:00.000+02:00;0.1
29;2022-04-01T21:00:00.000+02:00;1.0
29;2022-04-01T22:00:00.000+02:00;0.4
29;2022-04-01T23:00:00.000+02:00;0.2
29;2022-04-02T00:00:00.000+02:00;0.4
29;2022-04-02T01:00:00.000+02:00;0.5
29;2022-04-02T02:00:00.000+02:00;0.4
29;2022-04-02T03:00:00.000+02:00;0.2
29;2022-04-02T04:00:00.000+02:00;0.2
29;2022-04-02T05:00:00.000+02:00;0.1
29;2022-04-02T06:00:00.000+02:00;0.1
29;2022-04-02T07:00:00.000+02:00;0.2
29;2022-04-02T09:00:00.000+02:00;0.2
29;2022-04-02T10:00:00.000+02:00;1.3000000000000003
29;2022-04-02T11:00:00.000+02:00;0.2
29;2022-04-06T23:00:00.000+02:00;0.1
29;2022-04-07T14:00:00.000+02:00;1.3
29;2022-04-07T15:00:00.000+02:00;0.9
29;2022-04-07T16:00:00.000+02:00;0.7999999999999999
29;2022-04-07T17:00:00.000+02:00;0.6000000000000001
29;2022-04-07T19:00:00.000+02:00;0.1
29;2022-04-08T02:00:00.000+02:00;0.2
29;2022-04-08T03:00:00.000+02:00;0.4
29;2022-04-08T04:00:00.000+02:00;0.4
29;2022-04-08T05:00:00.000+02:00;0.8999999999999999
29;2022-04-08T06:00:00.000+02:00;0.6
29;2022-04-08T07:00:00.000+02:00;0.1
29;2022-04-08T16:00:00.000+02:00;0.2
29;2022-04-09T02:00:00.000+02:00;0.1
29;2022-04-09T08:00:00.000+02:00;0.2
29;2022-04-09T09:00:00.000+02:00;0.6000000000000001
29;2022-04-09T13:00:00.000+02:00;0.1
29;2022-04-09T14:00:00.000+02:00;1.0
29;2022-04-09T19:00:00.000+02:00;0.3
29;2022-04-09T20:00:00.000+02:00;0.2
29;2022-04-23T15:00:00.000+02:00;0.1
29;2022-04-23T17:00:00.000+02:00;0.7999999999999999
29;2022-04-23T18:00:00.000+02:00;4.300000000000001
29;2022-04-23T19:00:00.000+02:00;1.4000000000000001
29;2022-04-24T20:00:00.000+02:00;2.0
29;2022-04-24T21:00:00.000+02:00;2.0
29;2022-04-24T22:00:00.000+02:00;1.9
29;2022-04-24T23:00:00.000+02:00;0.7999999999999999
29;2022-04-25T00:00:00.000+02:00;0.7
29;2022-04-25T01:00:00.000+02:00;0.9
29;2022-04-25T02:00:00.000+02:00;0.2
29;2022-04-25T21:00:00.000+02:00;0.8
29;2022-04-25T22:00:00.000+02:00;0.1
29;2022-04-25T23:00:00.000+02:00;0.1
29;2022-04-29T19:00:00.000+02:00;0.2
3;2022-04-01T03:00:00.000+02:00;0.1
3;2022-04-01T04:00:00.000+02:00;0.7000000000000001
3;2022-04-01T05:00:00.000+02:00;0.7
3;2022-04-01T06:00:00.000+02:00;1.6000000000000003
3;2022-04-01T07:00:00.000+02:00;1.1
3;2022-04-01T08:00:00.000+02:00;0.7999999999999999
3;2022-04-01T21:00:00.000+02:00;1.0
3;2022-04-01T22:00:00.000+02:00;1.2
3;2022-04-01T23:00:00.000+02:00;1.0
3;2022-04-02T00:00:00.000+02:00;0.4
3;2022-04-02T01:00:00.000+02:00;0.6
3;2022-04-02T02:00:00.000+02:00;0.2
3;2022-04-02T03:00:00.000+02:00;0.4
3;2022-04-02T05:00:00.000+02:00;0.1
3;2022-04-02T06:00:00.000+02:00;0.1
3;2022-04-02T07:00:00.000+02:00;0.1
3;2022-04-02T08:00:00.000+02:00;0.2
3;2022-04-02T09:00:00.000+02:00;0.1
3;2022-04-02T10:00:00.000+02:00;0.2
3;2022-04-06T23:00:00.000+02:00;0.2
3;2022-04-07T16:00:00.000+02:00;0.2
3;2022-04-07T17:00:00.000+02:00;0.2
3;2022-04-08T05:00:00.000+02:00;0.1
3;2022-04-09T09:00:00.000+02:00;0.7
3;2022-04-09T14:00:00.000+02:00;0.1
3;2022-04-09T20:00:00.000+02:00;0.30000000000000004
3;2022-04-23T17:00:00.000+02:00;1.7000000000000002
3;2022-04-23T18:00:00.000+02:00;3.3
3;2022-04-23T19:00:00.000+02:00;0.2
3;2022-04-23T20:00:00.000+02:00;0.1
3;2022-04-24T20:00:00.000+02:00;0.8999999999999999
3;2022-04-24T21:00:00.000+02:00;1.8
3;2022-04-24T22:00:00.000+02:00;0.7999999999999999
3;2022-04-24T23:00:00.000+02:00;0.1
3;2022-04-25T00:00:00.000+02:00;0.5
3;2022-04-25T01:00:00.000+02:00;0.30000000000000004
3;2022-04-25T23:00:00.000+02:00;0.1
3;2022-04-26T00:00:00.000+02:00;0.30000000000000004
3;2022-04-26T01:00:00.000+02:00;0.30000000000000004
30;2022-04-01T04:00:00.000+02:00;0.6000000000000001
30;2022-04-01T05:00:00.000+02:00;1.0999999999999999
30;2022-04-01T06:00:00.000+02:00;1.5000000000000004
30;2022-04-01T07:00:00.000+02:00;1.2000000000000002
30;2022-04-01T08:00:00.000+02:00;0.7
30;2022-04-01T21:00:00.000+02:00;1.6
30;2022-04-01T22:00:00.000+02:00;0.7999999999999999
30;2022-04-01T23:00:00.000+02:00;0.5
30;2022-04-02T00:00:00.000+02:00;0.4
30;2022-04-02T01:00:00.000+02:00;0.2
30;2022-04-02T02:00:00.000+02:00;0.4
30;2022-04-02T03:00:00.000+02:00;0.1
30;2022-04-02T04:00:00.000+02:00;0.2
30;2022-04-02T05:00:00.000+02:00;0.1
30;2022-04-02T06:00:00.000+02:00;0.2
30;2022-04-02T07:00:00.000+02:00;0.1
30;2022-04-02T08:00:00.000+02:00;0.2
30;2022-04-02T09:00:00.000+02:00;0.1
30;2022-04-02T10:00:00.000+02:00;0.1
30;2022-04-02T14:00:00.000+02:00;0.1
30;2022-04-06T22:00:00.000+02:00;0.1
30;2022-04-06T23:00:00.000+02:00;0.30000000000000004
30;2022-04-07T14:00:00.000+02:00;1.0
30;2022-04-07T15:00:00.000+02:00;0.6
30;2022-04-07T16:00:00.000+02:00;1.0999999999999999
30;2022-04-07T17:00:00.000+02:00;1.0
30;2022-04-07T18:00:00.000+02:00;0.2
30;2022-04-07T19:00:00.000+02:00;0.1
30;2022-04-08T02:00:00.000+02:00;0.30000000000000004
30;2022-04-08T03:00:00.000+02:00;0.2
30;2022-04-08T04:00:00.000+02:00;0.5
30;2022-04-08T05:00:00.000+02:00;0.7
30;2022-04-08T06:00:00.000+02:00;0.6
30;2022-04-08T07:00:00.000+02:00;0.2
30;2022-04-08T16:00:00.000+02:00;0.6
30;2022-04-09T02:00:00.000+02:00;0.6000000000000001
30;2022-04-09T08:00:00.000+02:00;0.2
30;2022-04-09T15:00:00.000+02:00;0.4
30;2022-04-09T16:00:00.000+02:00;0.30000000000000004
30;2022-04-23T17:00:00.000+02:00;0.2
30;2022-04-23T18:00:00.000+02:00;4.7
30;2022-04-23T19:00:00.000+02:00;2.2
30;2022-04-23T20:00:00.000+02:00;0.2
30;2022-04-24T20:00:00.000+02:00;2.0999999999999996
30;2022-04-24T21:00:00.000+02:00;1.4000000000000004
30;2022-04-24T22:00:00.000+02:00;3.0000000000000004
30;2022-04-24T23:00:00.000+02:00;0.8999999999999999
30;2022-04-25T00:00:00.000+02:00;0.9999999999999999
30;2022-04-25T01:00:00.000+02:00;2.1
30;2022-04-25T02:00:00.000+02:00;0.7
30;2022-04-25T15:00:00.000+02:00;0.1
30;2022-04-25T20:00:00.000+02:00;0.1
30;2022-04-25T21:00:00.000+02:00;0.4
30;2022-04-25T22:00:00.000+02:00;2.5
30;2022-04-25T23:00:00.000+02:00;1.4999999999999998
30;2022-04-26T00:00:00.000+02:00;0.1
30;2022-04-29T19:00:00.000+02:00;0.2
31;2022-04-01T02:00:00.000+02:00;0.2
31;2022-04-01T03:00:00.000+02:00;1.5
31;2022-04-01T04:00:00.000+02:00;0.8
31;2022-04-01T05:00:00.000+02:00;0.4
31;2022-04-01T06:00:00.000+02:00;0.30000000000000004
31;2022-04-01T07:00:00.000+02:00;0.1
31;2022-04-01T09:00:00.000+02:00;0.1
31;2022-04-01T10:00:00.000+02:00;0.30000000000000004
31;2022-04-01T11:00:00.000+02:00;2.8000000000000003
31;2022-04-01T22:00:00.000+02:00;0.5
31;2022-04-01T23:00:00.000+02:00;0.30000000000000004
31;2022-04-02T00:00:00.000+02:00;0.30000000000000004
31;2022-04-02T03:00:00.000+02:00;0.1
31;2022-04-02T04:00:00.000+02:00;0.2
31;2022-04-02T05:00:00.000+02:00;0.2
31;2022-04-02T06:00:00.000+02:00;0.1
31;2022-04-02T07:00:00.000+02:00;0.2
31;2022-04-02T08:00:00.000+02:00;0.1
31;2022-04-02T09:00:00.000+02:00;0.1
31;2022-04-02T10:00:00.000+02:00;0.5
31;2022-04-02T11:00:00.000+02:00;0.7
31;2022-04-06T23:00:00.000+02:00;0.7
31;2022-04-07T16:00:00.000+02:00;0.4
31;2022-04-07T17:00:00.000+02:00;0.7
31;2022-04-08T05:00:00.000+02:00;0.2
31;2022-04-08T06:00:00.000+02:00;0.1
31;2022-04-08T16:00:00.000+02:00;0.4
31;2022-04-09T01:00:00.000+02:00;0.1
31;2022-04-09T05:00:00.000+02:00;0.1
31;2022-04-09T08:00:00.000+02:00;0.1
31;2022-04-23T12:00:00.000+02:00;0.2
31;2022-04-23T17:00:00.000+02:00;1.1
31;2022-04-23T18:00:00.000+02:00;2.9
31;2022-04-23T19:00:00.000+02:00;0.1
31;2022-04-24T18:00:00.000+02:00;0.1
31;2022-04-24T19:00:00.000+02:00;1.3
31;2022-04-24T20:00:00.000+02:00;0.4
31;2022-04-24T21:00:00.000+02:00;3.6
31;2022-04-24T22:00:00.000+02:00;0.6000000000000001
31;2022-04-25T00:00:00.000+02:00;0.1
31;2022-04-25T21:00:00.000+02:00;0.2
31;2022-04-25T22:00:00.000+02:00;0.9
31;2022-04-25T23:00:00.000+02:00;0.4
32;2022-04-01T03:00:00.000+02:00;0.30000000000000004
32;2022-04-01T04:00:00.000+02:00;1.0999999999999999
32;2022-04-01T05:00:00.000+02:00;3.0
32;2022-04-01T06:00:00.000+02:00;1.5000000000000002
32;2022-04-01T07:00:00.000+02:00;0.7
32;2022-04-01T08:00:00.000+02:00;0.1
32;2022-04-01T22:00:00.000+02:00;1.3
32;2022-04-01T23:00:00.000+02:00;0.6
32;2022-04-02T00:00:00.000+02:00;0.30000000000000004
32;2022-04-02T01:00:00.000+02:00;0.5
32;2022-04-02T03:00:00.000+02:00;0.1
32;2022-04-02T05:00:00.000+02:00;0.1
32;2022-04-02T07:00:00.000+02:00;0.1
32;2022-04-02T08:00:00.000+02:00;0.2
32;2022-04-02T09:00:00.000+02:00;0.1
32;2022-04-02T10:00:00.000+02:00;0.1
32;2022-04-02T11:00:00.000+02:00;0.1
32;2022-04-06T22:00:00.000+02:00;0.5
32;2022-04-07T17:00:00.000+02:00;0.30000000000000004
32;2022-04-07T18:00:00.000+02:00;0.1
32;2022-04-08T04:00:00.000+02:00;0.1
32;2022-04-09T17:00:00.000+02:00;0.5
32;2022-04-21T03:00:00.000+02:00;0.1
32;2022-04-21T04:00:00.000+02:00;0.1
32;2022-04-21T05:00:00.000+02:00;0.2
32;2022-04-23T15:00:00.000+02:00;0.1
32;2022-04-23T17:00:00.000+02:00;1.9000000000000001
32;2022-04-23T18:00:00.000+02:00;2.3000000000000003
32;2022-04-23T19:00:00.000+02:00;0.30000000000000004
32;2022-04-23T20:00:00.000+02:00;0.2
32;2022-04-24T19:00:00.000+02:00;0.6
32;2022-04-24T20:00:00.000+02:00;0.7000000000000001
32;2022-04-24T21:00:00.000+02:00;1.7000000000000002
32;2022-04-24T22:00:00.000+02:00;0.8
32;2022-04-26T00:00:00.000+02:00;2.7
32;2022-04-26T01:00:00.000+02:00;0.7
37;2022-04-01T03:00:00.000+02:00;0.2
37;2022-04-01T04:00:00.000+02:00;1.8000000000000003
37;2022-04-01T05:00:00.000+02:00;1.8
37;2022-04-01T06:00:00.000+02:00;2.5999999999999996
37;2022-04-01T07:00:00.000+02:00;1.6000000000000003
37;2022-04-01T08:00:00.000+02:00;0.4
37;2022-04-01T21:00:00.000+02:00;1.2000000000000002
37;2022-04-01T22:00:00.000+02:00;0.9
37;2022-04-01T23:00:00.000+02:00;0.6
37;2022-04-02T00:00:00.000+02:00;1.0
37;2022-04-02T01:00:00.000+02:00;0.2
37;2022-04-02T02:00:00.000+02:00;0.1
37;2022-04-02T03:00:00.000+02:00;0.1
37;2022-04-02T04:00:00.000+02:00;0.30000000000000004
37;2022-04-02T05:00:00.000+02:00;0.1
37;2022-04-02T06:00:00.000+02:00;0.1
37;2022-04-02T07:00:00.000+02:00;0.2
37;2022-04-02T08:00:00.000+02:00;0.6
37;2022-04-02T09:00:00.000+02:00;0.7
37;2022-04-02T10:00:00.000+02:00;0.1
37;2022-04-06T23:00:00.000+02:00;0.30000000000000004
37;2022-04-07T13:00:00.000+02:00;0.30000000000000004
37;2022-04-07T14:00:00.000+02:00;0.7000000000000001
37;2022-04-07T15:00:00.000+02:00;0.5
37;2022-04-07T16:00:00.000+02:00;1.4000000000000004
37;2022-04-07T17:00:00.000+02:00;0.6000000000000001
37;2022-04-07T19:00:00.000+02:00;0.1
37;2022-04-08T03:00:00.000+02:00;0.1
37;2022-04-08T04:00:00.000+02:00;0.1
37;2022-04-08T05:00:00.000+02:00;0.8999999999999999
37;2022-04-08T06:00:00.000+02:00;0.4
37;2022-04-08T07:00:00.000+02:00;0.2
37;2022-04-08T16:00:00.000+02:00;0.5
37;2022-04-09T06:00:00.000+02:00;0.1
37;2022-04-09T13:00:00.000+02:00;0.30000000000000004
37;2022-04-09T19:00:00.000+02:00;0.5
37;2022-04-23T15:00:00.000+02:00;0.1
37;2022-04-23T17:00:00.000+02:00;0.1
37;2022-04-23T18:00:00.000+02:00;3.9000000000000004
37;2022-04-23T19:00:00.000+02:00;1.2000000000000002
37;2022-04-23T20:00:00.000+02:00;0.3
37;2022-04-24T19:00:00.000+02:00;1.8000000000000003
37;2022-04-24T20:00:00.000+02:00;1.5000000000000002
37;2022-04-24T21:00:00.000+02:00;1.7000000000000002
37;2022-04-24T22:00:00.000+02:00;2.3
37;2022-04-24T23:00:00.000+02:00;1.0999999999999999
37;2022-04-25T02:00:00.000+02:00;0.1
37;2022-04-25T23:00:00.000+02:00;0.2
4;2022-04-01T03:00:00.000+02:00;0.2
4;2022-04-01T04:00:00.000+02:00;2.3
4;2022-04-01T05:00:00.000+02:00;2.0999999999999996
4;2022-04-01T06:00:00.000+02:00;2.2
4;2022-04-01T07:00:00.000+02:00;1.4999999999999998
4;2022-04-01T08:00:00.000+02:00;1.1
4;2022-04-01T19:00:00.000+02:00;0.1
4;2022-04-01T21:00:00.000+02:00;1.1
4;2022-04-01T22:00:00.000+02:00;1.2
4;2022-04-01T23:00:00.000+02:00;0.7999999999999999
4;2022-04-02T00:00:00.000+02:00;0.7
4;2022-04-02T01:00:00.000+02:00;0.8
4;2022-04-02T02:00:00.000+02:00;0.4
4;2022-04-02T03:00:00.000+02:00;0.6
4;2022-04-02T04:00:00.000+02:00;0.4
4;2022-04-02T05:00:00.000+02:00;0.2
4;2022-04-02T06:00:00.000+02:00;0.30000000000000004
4;2022-04-02T07:00:00.000+02:00;0.4
4;2022-04-02T08:00:00.000+02:00;0.30000000000000004
4;2022-04-02T09:00:00.000+02:00;0.7
4;2022-04-02T10:00:00.000+02:00;0.30000000000000004
4;2022-04-02T11:00:00.000+02:00;0.1
4;2022-04-06T23:00:00.000+02:00;0.1
4;2022-04-07T14:00:00.000+02:00;1.2
4;2022-04-07T15:00:00.000+02:00;0.9
4;2022-04-07T16:00:00.000+02:00;0.4
4;2022-04-07T17:00:00.000+02:00;0.7000000000000001
4;2022-04-07T19:00:00.000+02:00;0.1
4;2022-04-08T02:00:00.000+02:00;0.30000000000000004
4;2022-04-08T03:00:00.000+02:00;0.30000000000000004
4;2022-04-08T04:00:00.000+02:00;0.4
4;2022-04-08T05:00:00.000+02:00;0.6
4;2022-04-08T06:00:00.000+02:00;0.6000000000000001
4;2022-04-08T07:00:00.000+02:00;0.1
4;2022-04-08T16:00:00.000+02:00;0.4
4;2022-04-09T02:00:00.000+02:00;0.2
4;2022-04-09T08:00:00.000+02:00;0.2
4;2022-04-09T09:00:00.000+02:00;0.6
4;2022-04-09T14:00:00.000+02:00;0.7
4;2022-04-09T19:00:00.000+02:00;0.1
4;2022-04-09T20:00:00.000+02:00;0.2
4;2022-04-23T15:00:00.000+02:00;0.2
4;2022-04-23T17:00:00.000+02:00;0.8999999999999999
4;2022-04-23T18:00:00.000+02:00;4.1000000000000005
4;2022-04-23T19:00:00.000+02:00;1.3
4;2022-04-24T20:00:00.000+02:00;2.1
4;2022-04-24T21:00:00.000+02:00;2.2
4;2022-04-24T22:00:00.000+02:00;2.2
4;2022-04-24T23:00:00.000+02:00;0.8
4;2022-04-25T00:00:00.000+02:00;0.9
4;2022-04-25T01:00:00.000+02:00;1.0
4;2022-04-25T02:00:00.000+02:00;0.1
4;2022-04-25T15:00:00.000+02:00;0.1
4;2022-04-25T20:00:00.000+02:00;0.4
4;2022-04-25T22:00:00.000+02:00;0.1
4;2022-04-25T23:00:00.000+02:00;0.2
4;2022-04-29T19:00:00.000+02:00;0.30000000000000004
5;2022-04-01T03:00:00.000+02:00;0.2
5;2022-04-01T04:00:00.000+02:00;0.5
5;2022-04-01T05:00:00.000+02:00;0.7999999999999999
5;2022-04-01T06:00:00.000+02:00;2.5000000000000004
5;2022-04-01T07:00:00.000+02:00;1.1000000000000003
5;2022-04-01T08:00:00.000+02:00;0.8999999999999999
5;2022-04-01T21:00:00.000+02:00;0.6
5;2022-04-01T22:00:00.000+02:00;1.7999999999999998
5;2022-04-01T23:00:00.000+02:00;0.7
5;2022-04-02T00:00:00.000+02:00;0.5
5;2022-04-02T01:00:00.000+02:00;0.5
5;2022-04-02T02:00:00.000+02:00;0.1
5;2022-04-02T03:00:00.000+02:00;0.4
5;2022-04-02T04:00:00.000+02:00;0.2
5;2022-04-02T05:00:00.000+02:00;0.2
5;2022-04-02T06:00:00.000+02:00;0.1
5;2022-04-02T07:00:00.000+02:00;0.2
5;2022-04-02T08:00:00.000+02:00;0.30000000000000004
5;2022-04-02T09:00:00.000+02:00;0.4
5;2022-04-02T10:00:00.000+02:00;0.1
5;2022-04-06T23:00:00.000+02:00;0.1
5;2022-04-07T16:00:00.000+02:00;0.1
5;2022-04-07T17:00:00.000+02:00;0.2
5;2022-04-08T02:00:00.000+02:00;0.1
5;2022-04-09T09:00:00.000+02:00;0.2
5;2022-04-09T14:00:00.000+02:00;0.6
5;2022-04-23T17:00:00.000+02:00;1.2000000000000002
5;2022-04-23T18:00:00.000+02:00;3.0
5;2022-04-23T19:00:00.000+02:00;0.2
5;2022-04-24T19:00:00.000+02:00;0.1
5;2022-04-24T20:00:00.000+02:00;0.5
5;2022-04-24T21:00:00.000+02:00;2.0
5;2022-04-24T22:00:00.000+02:00;1.2
5;2022-04-25T00:00:00.000+02:00;0.1
5;2022-04-25T22:00:00.000+02:00;5.1
5;2022-04-25T23:00:00.000+02:00;1.2999999999999998
6;2022-04-01T03:00:00.000+02:00;0.1
6;2022-04-01T04:00:00.000+02:00;0.5
6;2022-04-01T05:00:00.000+02:00;0.6
6;2022-04-01T06:00:00.000+02:00;1.5000000000000004
6;2022-04-01T07:00:00.000+02:00;0.8999999999999999
6;2022-04-01T08:00:00.000+02:00;0.5
6;2022-04-01T21:00:00.000+02:00;0.30000000000000004
6;2022-04-01T22:00:00.000+02:00;2.1
6;2022-04-01T23:00:00.000+02:00;0.5
6;2022-04-02T00:00:00.000+02:00;0.30000000000000004
6;2022-04-02T01:00:00.000+02:00;0.5
6;2022-04-02T02:00:00.000+02:00;0.1
6;2022-04-02T03:00:00.000+02:00;0.2
6;2022-04-02T04:00:00.000+02:00;0.1
6;2022-04-02T05:00:00.000+02:00;0.1
6;2022-04-02T07:00:00.000+02:00;0.2
6;2022-04-02T08:00:00.000+02:00;0.1
6;2022-04-02T09:00:00.000+02:00;0.2
6;2022-04-02T10:00:00.000+02:00;0.1
6;2022-04-06T23:00:00.000+02:00;0.2
6;2022-04-07T16:00:00.000+02:00;0.1
6;2022-04-07T17:00:00.000+02:00;0.1
6;2022-04-09T09:00:00.000+02:00;0.6000000000000001
6;2022-04-09T14:00:00.000+02:00;0.7
6;2022-04-09T20:00:00.000+02:00;0.1
6;2022-04-23T17:00:00.000+02:00;0.9
6;2022-04-23T18:00:00.000+02:00;2.3000000000000003
6;2022-04-24T20:00:00.000+02:00;1.5000000000000004
6;2022-04-24T21:00:00.000+02:00;2.1
6;2022-04-24T22:00:00.000+02:00;0.7999999999999999
6;2022-04-24T23:00:00.000+02:00;0.3
6;2022-04-25T00:00:00.000+02:00;0.2
6;2022-04-25T01:00:00.000+02:00;0.1
6;2022-04-25T21:00:00.000+02:00;0.30000000000000004
6;2022-04-25T22:00:00.000+02:00;0.1
6;2022-04-25T23:00:00.000+02:00;0.8999999999999999
6;2022-04-26T01:00:00.000+02:00;0.1
7;2022-04-01T03:00:00.000+02:00;0.6
7;2022-04-01T04:00:00.000+02:00;2.0
7;2022-04-01T05:00:00.000+02:00;1.7
7;2022-04-01T06:00:00.000+02:00;1.6
7;2022-04-01T07:00:00.000+02:00;1.9
7;2022-04-01T08:00:00.000+02:00;1.4000000000000001
7;2022-04-01T21:00:00.000+02:00;1.7000000000000002
7;2022-04-01T22:00:00.000+02:00;1.2
7;2022-04-01T23:00:00.000+02:00;0.6
7;2022-04-02T00:00:00.000+02:00;1.1
7;2022-04-02T01:00:00.000+02:00;0.2
7;2022-04-02T03:00:00.000+02:00;0.4
7;2022-04-02T04:00:00.000+02:00;0.30000000000000004
7;2022-04-02T05:00:00.000+02:00;0.2
7;2022-04-02T06:00:00.000+02:00;0.1
7;2022-04-02T07:00:00.000+02:00;0.2
7;2022-04-02T08:00:00.000+02:00;0.5
7;2022-04-02T09:00:00.000+02:00;0.4
7;2022-04-02T10:00:00.000+02:00;0.1
7;2022-04-06T23:00:00.000+02:00;0.4
7;2022-04-07T13:00:00.000+02:00;0.1
7;2022-04-07T14:00:00.000+02:00;0.30000000000000004
7;2022-04-07T15:00:00.000+02:00;0.5
7;2022-04-07T16:00:00.000+02:00;1.0
7;2022-04-07T17:00:00.000+02:00;0.8
7;2022-04-08T02:00:00.000+02:00;0.1
7;2022-04-08T03:00:00.000+02:00;0.2
7;2022-04-08T04:00:00.000+02:00;0.1
7;2022-04-08T05:00:00.000+02:00;0.9
7;2022-04-08T06:00:00.000+02:00;0.5
7;2022-04-08T07:00:00.000+02:00;0.2
7;2022-04-08T16:00:00.000+02:00;0.30000000000000004
7;2022-04-09T06:00:00.000+02:00;0.1
7;2022-04-09T08:00:00.000+02:00;0.4
7;2022-04-09T09:00:00.000+02:00;0.2
7;2022-04-09T13:00:00.000+02:00;1.0
7;2022-04-09T19:00:00.000+02:00;1.3
7;2022-04-23T15:00:00.000+02:00;0.3
7;2022-04-23T17:00:00.000+02:00;0.1
7;2022-04-23T18:00:00.000+02:00;4.7
7;2022-04-23T19:00:00.000+02:00;1.6
7;2022-04-24T19:00:00.000+02:00;0.2
7;2022-04-24T20:00:00.000+02:00;2.5
7;2022-04-24T21:00:00.000+02:00;1.7
7;2022-04-24T22:00:00.000+02:00;2.8000000000000003
7;2022-04-24T23:00:00.000+02:00;1.4
7;2022-04-25T01:00:00.000+02:00;0.5
7;2022-04-25T02:00:00.000+02:00;0.30000000000000004
7;2022-04-25T19:00:00.000+02:00;1.1
7;2022-04-25T20:00:00.000+02:00;1.6
8;2022-04-01T03:00:00.000+02:00;2.0
8;2022-04-01T04:00:00.000+02:00;3.0000000000000004
8;2022-04-01T05:00:00.000+02:00;1.9999999999999998
8;2022-04-01T06:00:00.000+02:00;1.8
8;2022-04-01T07:00:00.000+02:00;2.1999999999999997
8;2022-04-01T08:00:00.000+02:00;0.7
8;2022-04-01T15:00:00.000+02:00;0.1
8;2022-04-01T21:00:00.000+02:00;1.6
8;2022-04-01T22:00:00.000+02:00;1.1
8;2022-04-01T23:00:00.000+02:00;0.7
8;2022-04-02T00:00:00.000+02:00;0.9999999999999999
8;2022-04-02T01:00:00.000+02:00;0.30000000000000004
8;2022-04-02T02:00:00.000+02:00;0.1
8;2022-04-02T03:00:00.000+02:00;0.4
8;2022-04-02T04:00:00.000+02:00;0.30000000000000004
8;2022-04-02T05:00:00.000+02:00;0.30000000000000004
8;2022-04-02T06:00:00.000+02:00;0.2
8;2022-04-02T07:00:00.000+02:00;0.30000000000000004
8;2022-04-02T08:00:00.000+02:00;0.4
8;2022-04-02T09:00:00.000+02:00;0.4
8;2022-04-02T10:00:00.000+02:00;0.2
8;2022-04-02T11:00:00.000+02:00;0.1
8;2022-04-06T23:00:00.000+02:00;0.30000000000000004
8;2022-04-07T14:00:00.000+02:00;0.2
8;2022-04-07T15:00:00.000+02:00;0.2
8;2022-04-07T16:00:00.000+02:00;0.6
8;2022-04-07T17:00:00.000+02:00;0.7
8;2022-04-08T02:00:00.000+02:00;0.2
8;2022-04-08T03:00:00.000+02:00;0.1
8;2022-04-08T04:00:00.000+02:00;0.2
8;2022-04-08T05:00:00.000+02:00;0.9999999999999999
8;2022-04-08T06:00:00.000+02:00;0.5
8;2022-04-08T07:00:00.000+02:00;0.2
8;2022-04-08T16:00:00.000+02:00;0.2
8;2022-04-09T05:00:00.000+02:00;0.2
8;2022-04-09T06:00:00.000+02:00;0.1
8;2022-04-09T08:00:00.000+02:00;0.6000000000000001
8;2022-04-09T09:00:00.000+02:00;0.30000000000000004
8;2022-04-09T13:00:00.000+02:00;1.7999999999999998
8;2022-04-09T14:00:00.000+02:00;0.30000000000000004
8;2022-04-09T19:00:00.000+02:00;0.5
8;2022-04-23T15:00:00.000+02:00;0.1
8;2022-04-23T17:00:00.000+02:00;0.7000000000000001
8;2022-04-23T18:00:00.000+02:00;5.1
8;2022-04-23T19:00:00.000+02:00;1.0999999999999999
8;2022-04-24T19:00:00.000+02:00;0.2
8;2022-04-24T20:00:00.000+02:00;1.7999999999999998
8;2022-04-24T21:00:00.000+02:00;2.8000000000000003
8;2022-04-24T22:00:00.000+02:00;2.6
8;2022-04-24T23:00:00.000+02:00;1.0
8;2022-04-25T00:00:00.000+02:00;0.2
8;2022-04-25T01:00:00.000+02:00;0.6
8;2022-04-25T02:00:00.000+02:00;0.1
8;2022-04-25T20:00:00.000+02:00;1.9000000000000001
8;2022-04-25T22:00:00.000+02:00;0.1
9;2022-04-01T03:00:00.000+02:00;0.4
9;2022-04-01T04:00:00.000+02:00;1.6000000000000003
9;2022-04-01T05:00:00.000+02:00;2.1
9;2022-04-01T06:00:00.000+02:00;1.9
9;2022-04-01T07:00:00.000+02:00;1.4
9;2022-04-01T08:00:00.000+02:00;0.9
9;2022-04-01T21:00:00.000+02:00;1.9
9;2022-04-01T22:00:00.000+02:00;1.4
9;2022-04-01T23:00:00.000+02:00;0.7
9;2022-04-02T00:00:00.000+02:00;0.7
9;2022-04-02T01:00:00.000+02:00;0.6
9;2022-04-02T02:00:00.000+02:00;0.2
9;2022-04-02T03:00:00.000+02:00;0.4
9;2022-04-02T04:00:00.000+02:00;0.30000000000000004
9;2022-04-02T05:00:00.000+02:00;0.1
9;2022-04-02T06:00:00.000+02:00;0.2
9;2022-04-02T07:00:00.000+02:00;0.2
9;2022-04-02T08:00:00.000+02:00;0.30000000000000004
9;2022-04-02T09:00:00.000+02:00;0.2
9;2022-04-02T10:00:00.000+02:00;0.2
9;2022-04-06T23:00:00.000+02:00;0.4
9;2022-04-07T14:00:00.000+02:00;0.30000000000000004
9;2022-04-07T17:00:00.000+02:00;0.2
9;2022-04-08T02:00:00.000+02:00;0.2
9;2022-04-08T03:00:00.000+02:00;0.4
9;2022-04-08T04:00:00.000+02:00;0.2
9;2022-04-08T05:00:00.000+02:00;0.2
9;2022-04-08T07:00:00.000+02:00;0.1
9;2022-04-08T16:00:00.000+02:00;0.1
9;2022-04-09T09:00:00.000+02:00;0.30000000000000004
9;2022-04-09T14:00:00.000+02:00;0.2
9;2022-04-09T19:00:00.000+02:00;0.3
9;2022-04-09T20:00:00.000+02:00;0.2
9;2022-04-23T17:00:00.000+02:00;1.0
9;2022-04-23T18:00:00.000+02:00;3.2
9;2022-04-23T19:00:00.000+02:00;1.1
9;2022-04-24T19:00:00.000+02:00;0.1
9;2022-04-24T20:00:00.000+02:00;2.0999999999999996
9;2022-04-24T21:00:00.000+02:00;2.1
9;2022-04-24T22:00:00.000+02:00;2.1
9;2022-04-24T23:00:00.000+02:00;0.6
9;2022-04-25T00:00:00.000+02:00;0.2
9;2022-04-25T01:00:00.000+02:00;0.2
9;2022-04-25T14:00:00.000+02:00;0.1
9;2022-04-25T22:00:00.000+02:00;0.4
9;2022-04-29T19:00:00.000+02:00;0.5
